Principal;UsedTerm;Url;Title;Abstract;DataPublicacao
06957510000138;06957510000138+tcu+lavagem;https://www.jusbrasil.com.br/diarios/32259036/dou-secao-3-14-11-2011-pg-92?ref=serp;DOU 14/11/2011 - Pág. 92 - Seção 3 - Diário Oficial da União;Objeto: Contratação de empresa para prestação de serviços de lavagem geral, polimento, pulverização e...CNPJ Contratado: 06957510000138. Contratado: CRIARTE INDUSTRIA E COMERCIO DE ESQUADRIAS LTDA....cabíveis, conforme determinação da Coordenadoria-Geral da União - CGU/PR e Tribunal de Contas da União - TCU...;
08691984000106;08691984000106+tcu+fraude;https://www.jusbrasil.com.br/diarios/176489537/dou-secao-1-05-02-2018-pg-98?ref=serp;DOU 05/02/2018 - Pág. 98 - Seção 1 - Diário Oficial da União;Monitoramento de determinações e de recomendações contidas no Acórdão 604/2017, proferido pelo Plenário do TCU...para que considerem os riscos relevantes e assegurem o cumprimento dos resultados esperados, coibindo fraudes...Processo nº 00200.028222/2017-97, aplica à empresa BRA TEPrincipal;UsedTerm;Url;Title;Abstract;DataPublicacao
35636034000151;35636034000151+tcu+fraude;https://www.jusbrasil.com.br/diarios/74887884/dou-secao-3-14-08-2014-pg-28?ref=serp;DOU 14/08/2014 - Pág. 28 - Seção 3 - Diário Oficial da União;Justificativa: Notória especialização (Decisão TCU 439/1998 Plenário) Declaração de Inexigibilidade em...Objeto: Participação nos cursos de Auditoria de Fraudes e Gestão de Riscos e AUDI 1 Nível Básico para...CNPJ Contratado: 35636034000151. Contratado : DISTAK AGENCIA DE VIAGENS E -TURISMO LTDA - EPP....;
35636034000151;35636034000151+tcu+lavagem;https://www.jusbrasil.com.br/diarios/1553053/pg-161-secao-3-diario-oficial-da-uniao-dou-de-20-11-2009?ref=serp;DOU 20/11/2009 - Pág. 161 - Seção 3 - Diário Oficial da União;Contratada: DISTAK AGÊNCIA DE VIAGENS E TURISMO LTDA, CNPJ 35.636.034/0001-51. empresa especializada na prestação de serviços de conservação e limpeza, inclusive desinsetização, lavagem...sessenta) meses, a contar da data de sua publicação no Diário Oficial da União; d) Signatários: pelo TCU...;
35636034000151;35636034000151+tcu+lavagem;https://www.jusbrasil.com.br/diarios/49566926/dou-secao-3-02-01-2013-pg-87?ref=serp;DOU 02/01/2013 - Pág. 87 - Seção 3 - Diário Oficial da União;Contratado: ABDAO BIO WASH LAVAGEM AUTOMOTIVA-LTDA - ME. TCU ? 1 Câmara.. CNPJ Contratado: 35636034000151. Contratado : DISTAK AGENCIA DE VIAGENS E -TURISMO LTDA - ME....;
04613668000165;04613668000165+tcu+lavagem;https://www.jusbrasil.com.br/diarios/133900436/dou-secao-3-23-12-2016-pg-177?ref=serp;DOU 23/12/2016 - Pág. 177 - Seção 3 - Diário Oficial da União;Objeto: Pregão Eletrônico - Escolha da proposta mais vantajosa para a contratação de serviços de lavagem...instalação da Gerência Técnica (GERTEC) do CAU/SC, conforme anexos, que, em virtude da Súmula nº 248 do TCU...Contratada: L.A VIAGENS E TURISMO LTDA, CNPJ: 04.613.668/0001-65.;
04613668000165;04613668000165+tcu+crime;https://www.jusbrasil.com.br/diarios/23975658/pg-90-secao-3-diario-oficial-da-uniao-dou-de-21-12-2010?ref=serp;DOU 21/12/2010 - Pág. 90 - Seção 3 - Diário Oficial da União;Eletrônico de Intercâmbio (SEI), com a finalidade de subsidiar os procedimentos policiais que envolvam os crimes...Convênio celebrado entre a Secretaria da Receita Federal do Brasil (RFB) e o Tribunal de Contas da União (TCU...Viagens e Turismo Ltda, CNPJ 04.613.668/0001-65, percentual de desconto: 9,2502%.;
05120923000109;05120923000109+tcu+ilicito;https://tcu.jusbrasil.com.br/jurisprudencia/499598234/tomada-de-contas-especial-tce-1448320157/inteiro-teor-499598271?ref=serp;TCU - Inteiro Teor. TOMADA DE CONTAS ESPECIAL (TCE): 1448320157;Decisão: das peças de defesa e dos resultados da apuração, de forma individualizada, relativamente aos fatos ilícitos.../Secex-RN 33 54 Raimundo Nonato Rodrigues Edital 3/2017-TCU/Secex-RN 850/2016-TCU/Secex-RN 823/2016-TCU...(CNPJ 05.120.923/0001-09, Empresa Contratada-2007NE90032) e Agência Aerotur Ltda.;05/09/2017
05120923000109;05120923000109+tcu+ilicito;https://tcu.jusbrasil.com.br/jurisprudencia/499598234/tomada-de-contas-especial-tce-1448320157/relatorio-499598353?ref=serp;TCU - Relatório. TOMADA DE CONTAS ESPECIAL (TCE): 1448320157;Decisão: /Secex-RN 33 54 Raimundo Nonato Rodrigues Edital 3/2017-TCU/Secex-RN 850/2016-TCU/Secex-RN 823/2016-TCU...(CNPJ 05.120.923/0001-09) , com base na NE 2007NE900302, para a realização de eventos e seminários que...(CNPJ 05.120.923/0001-09, Empresa Contratada-2007NE90032) e Agência Aerotur Ltda.;05/09/2017
05120923000109;05120923000109+tcu+ilicito;https://tcu.jusbrasil.com.br/jurisprudencia/692161626/tomada-de-contas-especial-tce-1448320157/inteiro-teor-692161646?ref=serp;TCU - Inteiro Teor. TOMADA DE CONTAS ESPECIAL (TCE) 1448320157;Decisão: . - EPP (05.120.923/0001-09). Sustentam que não houve alegado conluio com servidores públicos para consecução ilícita (burla à licitação...-EPP (05.120.923/0001-09). 4.;19/03/2019
05120923000109;05120923000109+tcu+ilicito;https://tcu.jusbrasil.com.br/jurisprudencia/692161626/tomada-de-contas-especial-tce-1448320157/relatorio-692161672?ref=serp;TCU - Relatório. TOMADA DE CONTAS ESPECIAL (TCE) 1448320157;Decisão: Débito decorrente dos repasses à Aerotur Serviços de Viagens Ltda. (05.120.923/0001-09) , com base na...ofícios citatórios 0463 e 464/2016, de 13/5/2016 continham também a descrição da ocorrência, resultado ilícito...Sustentam que não houve alegado conluio com servidores públicos para consecução ilícita (burla à licitação...;19/03/2019
05120923000109;05120923000109+tcu+lavagem;https://www.jusbrasil.com.br/diarios/23961471/pg-98-secao-3-diario-oficial-da-uniao-dou-de-20-12-2010?ref=serp;DOU 20/12/2010 - Pág. 98 - Seção 3 - Diário Oficial da União;EPP, CNPJ 05.120.923/0001-09, que ofertou um desconto de 5,12% (cinco inteiros e doze centésimos por...jurídica para fornecimento de combustíveis, óleos lubrificantes, filtros e prestação de serviços de lavagem...Informações Gerais: Fornecimento de combustíveis, óleos lubrificantes, filtros e prestação de serviços de lavagem...;
05120923000109;05120923000109+tcu+conluio;https://tcu.jusbrasil.com.br/jurisprudencia/692161626/tomada-de-contas-especial-tce-1448320157/voto-692161673?ref=serp;TCU - Voto. TOMADA DE CONTAS ESPECIAL (TCE) 1448320157;Decisão: A inexistência de conluio ou participação voluntária nas irregularidades administrativas praticadas pelos...(CNPJ 05.120.923/0001-09) , com base na NE 2007NE900302, para a realização de eventos e seminários que...administrativas praticadas pelos servidores do Ministério, ressalto que, apesar da menção a possível conluio...;19/03/2019
05120923000109;05120923000109+tcu+conluio;https://tcu.jusbrasil.com.br/jurisprudencia/499598234/tomada-de-contas-especial-tce-1448320157/inteiro-teor-499598271?ref=serp;TCU - Inteiro Teor. TOMADA DE CONTAS ESPECIAL (TCE): 1448320157;Decisão: /Secex-RN 33 54 Raimundo Nonato Rodrigues Edital 3/2017-TCU/Secex-RN 850/2016-TCU/Secex-RN 823/2016-TCU...e a Aerotur Serviços de Viagens Ltda., em decorrência de prejuízos causados por servidor público em conluio...(CNPJ 05.120.923/0001-09, Empresa Contratada-2007NE90032) e Agência Aerotur Ltda.;05/09/2017
05120923000109;05120923000109+tcu+conluio;https://tcu.jusbrasil.com.br/jurisprudencia/692161626/tomada-de-contas-especial-tce-1448320157/inteiro-teor-692161646?ref=serp;TCU - Inteiro Teor. TOMADA DE CONTAS ESPECIAL (TCE) 1448320157;Decisão: . - EPP (05.120.923/0001-09). Sustentam que não houve alegado conluio com servidores públicos para consecução ilícita (burla à licitação...-EPP (05.120.923/0001-09). 4.;19/03/2019
05120923000109;05120923000109+tcu+conluio;https://tcu.jusbrasil.com.br/jurisprudencia/499598234/tomada-de-contas-especial-tce-1448320157/relatorio-499598353?ref=serp;TCU - Relatório. TOMADA DE CONTAS ESPECIAL (TCE): 1448320157;Decisão: /Secex-RN 33 54 Raimundo Nonato Rodrigues Edital 3/2017-TCU/Secex-RN 850/2016-TCU/Secex-RN 823/2016-TCU...e a Aerotur Serviços de Viagens Ltda., em decorrência de prejuízos causados por servidor público em conluio...(CNPJ 05.120.923/0001-09, Empresa Contratada-2007NE90032) e Agência Aerotur Ltda.;05/09/2017
05120923000109;05120923000109+tcu+conluio;https://tcu.jusbrasil.com.br/jurisprudencia/692161626/tomada-de-contas-especial-tce-1448320157/relatorio-692161672?ref=serp;TCU - Relatório. TOMADA DE CONTAS ESPECIAL (TCE) 1448320157;Decisão: Débito decorrente dos repasses à Aerotur Serviços de Viagens Ltda. (05.120.923/0001-09) , com base na...Sustentam que não houve alegado conluio com servidores públicos para consecução ilícita (burla à licitação...A responsabilidade das recorrentes não decorre de conluio com servidores públicos, mas do benefício indevido...;19/03/2019
05120923000109;05120923000109+tcu+crime;https://www.jusbrasil.com.br/diarios/49565955/dou-secao-3-31-12-2012-pg-191?ref=serp;DOU 31/12/2012 - Pág. 191 - Seção 3 - Diário Oficial da União;Decreto n 83.936 , de 6 de setembro de 1979, sendo também eliminado do Concurso Público e responder por crime...CONSEPE n 250/2009, Acórdãos TCU n 2.731/2008, n 330/2009 e n 3.740/210 Signatários: Ariovaldo José Torelli...CNPJ Contratado: 05120923000109. Contratado : AEROTUR SERVICOS DE VIAGENS LTDA -EPP.;
06064175000149;06064175000149+tcu+fraude;https://tcu.jusbrasil.com.br/jurisprudencia/316469255/654220115/inteiro-teor-316469309?ref=serp;TCU - Inteiro Teor. : 654220115;Decisão: (CNPJ 06064175/0001-49), Casa Mundo de Viagens e Negócios em Turismo Ltda. TCU, Sala das Sessões Ministro Luciano Brandão Alves de Souza, em 17 de agosto de 2011. Código eletrônico para localização na página do TCU na Internet: AC-2141-34/11-P. 13.;17/08/2011
06064175000149;06064175000149+tcu+ilicito;https://tcu.jusbrasil.com.br/jurisprudencia/316469255/654220115/inteiro-teor-316469309?ref=serp;TCU - Inteiro Teor. : 654220115;Decisão: (CNPJ 06064175/0001-49), Casa Mundo de Viagens e Negócios em Turismo Ltda. diversos veículos de comunicação, com base em apurações conduzidas por outros órgãos de controle, os ilícitos...Código eletrônico para localização na página do TCU na Internet: AC-2141-34/11-P. 13.;17/08/2011
06064175000149;06064175000149+tcu+lavagem;https://www.jusbrasil.com.br/diarios/207231763/dou-secao-3-05-09-2018-pg-168?ref=serp;DOU 05/09/2018 - Pág. 168 - Seção 3 - Diário Oficial da União;Adjudicação e homologação para: Item 1 - Aires Turismo LTDA, CNPJ/CPF: 06.064.175/0001-49, pelo melhor...entre as Partes para a proteção do patrimônio público federal, a prevenção e o combate à corrupção, à lavagem..., III , da Lei 8.443 /1992, fica NOTIFICADA Tháfini Thomé, CPF 824.721.650-72, do Acórdão 5973/2018-TCU-Segunda...;
06064175000149;06064175000149+tcu+lavagem;https://www.jusbrasil.com.br/diarios/89081291/dou-secao-3-02-04-2015-pg-106?ref=serp;DOU 02/04/2015 - Pág. 106 - Seção 3 - Diário Oficial da União;Contratante: MINISTÉRIO DA SAÚDE -CNPJ Contratado: 06064175000149. Justificativa: Decisão do TCU - Plenário 439 de 1998 Declaração de Inexigibilidade em 30/03/2015....público o resultadodo julgamento do Pregão Eletrônico nº 03/2015 -objeto: contratação de serviços de lavagem...;
06064175000149;06064175000149+tcu+conluio;https://tcu.jusbrasil.com.br/jurisprudencia/316469255/654220115/inteiro-teor-316469309?ref=serp;TCU - Inteiro Teor. : 654220115;Decisão: (CNPJ 06064175/0001-49), Casa Mundo de Viagens e Negócios em Turismo Ltda. Corrobora, ainda, as evidências de que as cotações de preços 001, 003 e 004/2008 foram alvo de conluio...Código eletrônico para localização na página do TCU na Internet: AC-2141-34/11-P. 13.;17/08/2011
06064175000149;06064175000149+tcu+cartel;https://www.jusbrasil.com.br/diarios/107529167/dou-secao-3-22-01-2016-pg-77?ref=serp;DOU 22/01/2016 - Pág. 77 - Seção 3 - Diário Oficial da União;CNPJ: 06.064.175/0001-49. Órgão de Controle Interno competente, para análise e posterior envio ao Tribunal de contas da União-TCU...ADMINISTRATIVO nº 08012.010022/2008-16 (Autos de Acesso Restrito nº 08700.010935/2014-22), para apurar suposto cartel...;
06064175000149;06064175000149+tcu+crime;https://www.jusbrasil.com.br/diarios/207231763/dou-secao-3-05-09-2018-pg-168?ref=serp;DOU 05/09/2018 - Pág. 168 - Seção 3 - Diário Oficial da União;Adjudicação e homologação para: Item 1 - Aires Turismo LTDA, CNPJ/CPF: 06.064.175/0001-49, pelo melhor...do patrimônio público federal, a prevenção e o combate à corrupção, à lavagem de dinheiro e a outros crimes..., III , da Lei 8.443 /1992, fica NOTIFICADA Tháfini Thomé, CPF 824.721.650-72, do Acórdão 5973/2018-TCU-Segunda...;
10868000000161;10868000000161+tcu+lavagem;https://www.jusbrasil.com.br/diarios/72816330/dou-secao-3-10-07-2014-pg-131?ref=serp;DOU 10/07/2014 - Pág. 131 - Seção 3 - Diário Oficial da União;-ME, CNPJ nº 10.868.000/0001-61, decorrente da repactuação contratual realizada nos termos do Contrato...-ME, CNPJ nº 10.868.000/0001-61, decorrente da repactuação contratual realizada nos termos do Contrato...Regional do Trabalho da 7.ª Região informa da realização de Pregão para contratação de serviços de lavagem...;
00482840000138;00482840000138+tcu+fraude;https://www.jusbrasil.com.br/diarios/120420762/dou-secao-3-13-07-2016-pg-114?ref=serp;DOU 13/07/2016 - Pág. 114 - Seção 3 - Diário Oficial da União;se assim o desejar, a respeito do fato de na condição de licitante ter participado da ocorrência de fraude...É possível requerer vista eletrônica dos autos, por meio do Portal TCU (www.tcu.gov.br > aba cidadão,...Contratante: DEFENSORIA PÚBLICA DA UNIÃO -CNPJ Contratado: 00482840000138.;
00482840000138;00482840000138+tcu+fraude;https://tcu.jusbrasil.com.br/jurisprudencia/315863766/3590320112/inteiro-teor-315863824?ref=serp;TCU - Inteiro Teor. : 3590320112;Decisão: ., CNPJ n. 00.482.840/0001-38; Simac Manutenção e Serviço Ltda., CNPJ n. 09.132.935/0001-04; Artlimp...3.1 - Incompatibilidade entre o objeto licitado e o objeto executado e pago, com supostos indícios de fraude...Serviços Especializados Ltda., CNPJ 12.066.450/0001-66, Liderança Limpeza e Conservação Ltda., CNPJ 00.482.840/0001-38...;22/05/2013
00482840000138;00482840000138+tcu+ilicito;https://tcu.jusbrasil.com.br/jurisprudencia/315862182/2129720100/inteiro-teor-315862231?ref=serp;TCU - Inteiro Teor. : 2129720100;Decisão: (CNPJ n.º 00.482.840./0001-38) Advogados: não há Sumário: PEDIDO DE REEXAME. REPRESENTAÇÃO. acolhimento de suas razões recursais no sentido de que o cumprimento do pleito da empresa resultaria ilícito...(CNPJ n.º 00.482.840./0001-38). 4. Órgão: Universidade Federal de Santa Catarina (UFSC). 5.;04/06/2013
00482840000138;00482840000138+tcu+ilicito;https://tcu.jusbrasil.com.br/jurisprudencia/317542529/752120093/inteiro-teor-317542683?ref=serp;TCU - Inteiro Teor. : 752120093;Decisão: Em resumo, destaca que a mesma não encaminhou, em tempo hábil, a declaração de ilícitos trabalhistas...um acréscimo no valor global de R$ 694.202,02, em relação ao lance ofertado pela empresa com CNPJ nº 00.482.840/0001-38...Inabilitada em razão do não atendimento aos itens nº 9.11- declaração de ilícitos trabalhista; 9.12 –...;09/02/2010
00482840000138;00482840000138+tcu+ilicito;https://tcu.jusbrasil.com.br/jurisprudencia/315863766/3590320112/inteiro-teor-315863824?ref=serp;TCU - Inteiro Teor. : 3590320112;Decisão: ., CNPJ n. 00.482.840/0001-38; Simac Manutenção e Serviço Ltda., CNPJ n. 09.132.935/0001-04; Artlimp...TC-007.106/2012-2: possíveis ilícitos cometidos no âmbito do auxílio financeiro concedido à Associação...TC-007.106/2012-2: possíveis ilícitos cometidos no âmbito do auxílio financeiro concedido à Associação...;22/05/2013
00482840000138;00482840000138+tcu+ilicito;https://tcu.jusbrasil.com.br/jurisprudencia/313442268/3590320112/inteiro-teor-313442356?ref=serp;TCU - Inteiro Teor. : 3590320112;Decisão: ., CNPJ n. 00.482.840/0001-38; Simac Manutenção e Serviço Ltda., CNPJ n. 09.132.935/0001-04; Artlimp...TC-007.106/2012-2: possíveis ilícitos cometidos no âmbito do auxílio financeiro concedido à Associação...detectadas ocorrências relativas aos Pregões ns. 10/2009, 07/2010, 63/2010, 74/2010, 40/2011, além de ilícitos...;19/08/2015
00482840000138;00482840000138+tcu+lavagem;https://www.jusbrasil.com.br/diarios/507922/pg-55-secao-3-diario-oficial-da-uniao-dou-de-23-03-2006?ref=serp;DOU 23/03/2006 - Pág. 55 - Seção 3 - Diário Oficial da União;Justificativa: Decisao plenario TCU numero 538/1999. Declaração de Inexigibilidade em 15/03/2006 ....Contratante: MINISTÉRIO DA FAZENDA -CNPJ Contratado: 00482840000138. IGUAÇU AVISOS DE LICITAÇÃO PREGÃO Nº 4/2006 Objeto: Pregão Eletrônico - Contratação de serviços de lavagem...;
00482840000138;00482840000138+tcu+conluio;https://www.jusbrasil.com.br/diarios/120420762/dou-secao-3-13-07-2016-pg-114?ref=serp;DOU 13/07/2016 - Pág. 114 - Seção 3 - Diário Oficial da União;o desejar, a respeito do fato de na condição de licitante ter participado da ocorrência de fraude, conluio...É possível requerer vista eletrônica dos autos, por meio do Portal TCU (www.tcu.gov.br > aba cidadão,...Contratante: DEFENSORIA PÚBLICA DA UNIÃO -CNPJ Contratado: 00482840000138.;
00482840000138;00482840000138+tcu+conluio;https://www.jusbrasil.com.br/diarios/126847604/dou-secao-3-29-09-2016-pg-127?ref=serp;DOU 29/09/2016 - Pág. 127 - Seção 3 - Diário Oficial da União;CNPJ: 00.482.840/0001-38. da data desta publicação (art. 250, inciso V c/c art. 237, parágrafo único do Regimento Interno do TCU...), se pronuncie quanto as ocorrências descritas a seguir, que versam sobre sua participação em conluio...;
00482840000138;00482840000138+tcu+conluio;https://tcu.jusbrasil.com.br/jurisprudencia/315863766/3590320112/inteiro-teor-315863824?ref=serp;TCU - Inteiro Teor. : 3590320112;Decisão: ., CNPJ n. 00.482.840/0001-38; Simac Manutenção e Serviço Ltda., CNPJ n. 09.132.935/0001-04; Artlimp...Sequencialmente, as duas declinam, fazendo da Yendis a vencedora, em aparente conluio entre as empresas...Serviços Especializados Ltda., CNPJ 12.066.450/0001-66, Liderança Limpeza e Conservação Ltda., CNPJ 00.482.840/0001-38...;22/05/2013
08658622000113;08658622000113+tcu+lavagem;https://www.jusbrasil.com.br/diarios/26573383/pg-13-secao-3-diario-oficial-da-uniao-dou-de-09-05-2011?ref=serp;DOU 09/05/2011 - Pág. 13 - Seção 3 - Diário Oficial da União;termina o art. 8º da lei nº 8.443 , de 16 de julho de 1992, nos termos do art. 3º da Instrução Normativa/TCU...VITALLI, CNPJ: 08.658.622/0001-13, Itens nº 12, 13, 14, 70, 77, 82, 86, 89, 90, 91, 92, 93, 102, 104,...Justificativa: Dar continuidade a obra de construção do hangar de Lavagem da BASV.;
12349852000178;12349852000178+tcu+ilicito;https://www.jusbrasil.com.br/diarios/186870506/dou-secao-3-19-04-2018-pg-74?ref=serp;DOU 19/04/2018 - Pág. 74 - Seção 3 - Diário Oficial da União;nomeado (s), no interesse de outras instituições federais de ensino, em acordo com a Decisão nº 4623/2015 TCU...resolve aplicar à empresa Conceitual Comércio de Equipamentos Para Laboratórios Ltda, inscrita no CNPJ nº 12.349.852/0001-78...não receber proventos de aposentadoria ou exercer cargo/emprego público que caracterizem acumulação ilícita...;
12349852000178;12349852000178+tcu+lavagem;https://www.jusbrasil.com.br/diarios/39277429/dou-secao-3-06-08-2012-pg-121?ref=serp;DOU 06/08/2012 - Pág. 121 - Seção 3 - Diário Oficial da União;Objeto: Prorrogação por mais 12 meses do contrato de prestação de serviço de lavagem e lubrificação dos...03.606.047/0001-91 - Item 2 - Valor R$ 2.330,00; CONCEITUAL -COMÉRCIO DE EQUIPAMENTOS PARALABORATÓRIOS; CNPJ 12.349.852/0001-78...de 15 de janeiro de 1997, consubstanciado pelo art. 3.º, § 1.º e art. 5.º da Instrução Normativa - TCU...;
12349852000178;12349852000178+tcu+lavagem;https://www.jusbrasil.com.br/diarios/112350414/dou-secao-3-04-04-2016-pg-65?ref=serp;DOU 04/04/2016 - Pág. 65 - Seção 3 - Diário Oficial da União;Objeto: Prestação de serviços de lavagem de enxoval hospitalar do Complexo Hospital de Clínicas da UFPR...aplicar-lhes penalidades previstas no art. 7º da Lei 10.520 /02, em observância ao Acórdão 754/2015 - TCU...ELETRÔNICO 150/2015; CONCEITUAL - COMÉRCIO DE EQUIPAMENTOS PARA LABORATÓRIOS LTDA - ME (CNPJ/MF - Nº 12.349.852/0001-78...;
11098524000183;11098524000183+tcu+lavagem;https://www.jusbrasil.com.br/diarios/39277429/dou-secao-3-06-08-2012-pg-121?ref=serp;DOU 06/08/2012 - Pág. 121 - Seção 3 - Diário Oficial da União;Objeto: Prorrogação por mais 12 meses do contrato de prestação de serviço de lavagem e lubrificação dos...00.935.689/0002-27 -Item 4 - Valor R$ 3.510,00; TEKLABOR COMERCIO DE INSTRUMANENTAÇÃO ANALÍTICA LTDA; CNPJ 11098.524/0001-83...de 15 de janeiro de 1997, consubstanciado pelo art. 3.º, § 1.º e art. 5.º da Instrução Normativa - TCU...;
15724019000158;15724019000158+tcu+crime;https://www.jusbrasil.com.br/diarios/183033716/dou-secao-3-22-03-2018-pg-136?ref=serp;DOU 22/03/2018 - Pág. 136 - Seção 3 - Diário Oficial da União;CONQUISTAS -AVANÇAR + de juntar, dentre as certidões obtidas perante o Tribunal de Contas da União - TCU...RENOVAR PARA AVANÇAR, de juntar, dentre as certidões obtidas perante a Justiça Eleitoral, a Certidão de Crimes...Item 9 - R$ 2.100,00 e Item 12 - R$ 287,80. 2 ) QUALITY ATACADO EIRELI - EPP - CNPJ 15.724.019/0001-58...;
15724019000158;15724019000158+tcu+crime;https://www.jusbrasil.com.br/diarios/125528446/dou-edicao-extra-secao-3-15-09-2016-pg-122?ref=serp;DOU 15/09/2016 - Pág. 122 - Edição extra - Seção 3 - Diário Oficial da União;91.2016.6.25.8000, art. 25 , II , c/c 13 , VI da Lei 8.666 /93 e Decisao 439/1998 TCU - Plenario....mil, quatrocentos e noventa e nove reais e cinquenta centavos) e 5) QUALITY ATACADO LTDA - ME (CNPJ: 15.724.019/0001-58...razão de 1/30 (um trinta avos) do salário mínimo vigente ao tempo dos fatos, em razão da prática do crime...;
16403724000116;16403724000116+tcu+fraude;https://www.jusbrasil.com.br/diarios/74887884/dou-secao-3-14-08-2014-pg-28?ref=serp;DOU 14/08/2014 - Pág. 28 - Seção 3 - Diário Oficial da União;Justificativa: Notória especialização (Decisão TCU 439/1998 Plenário) Declaração de Inexigibilidade em...Objeto: Participação nos cursos de Auditoria de Fraudes e Gestão de Riscos e AUDI 1 Nível Básico para...EPP / 36 e 37; 10.986.234/0001-03 / TOTAL DISTRIBUIDORA E ATACADISTA LTDA. - EPP / 41, 42, 46 e 47; 16.403.724/0001-16...;
16403724000116;16403724000116+tcu+lavagem;https://www.jusbrasil.com.br/diarios/56022625/dou-secao-3-27-06-2013-pg-24?ref=serp;DOU 27/06/2013 - Pág. 24 - Seção 3 - Diário Oficial da União;CONFORME ACORDÃO 1933/2009 PLENÁRIO TCU, na cidade de Garanhuns-PE. 10 REGIÃO MILITAR RESULTADO DE JULGAMENTO...Objeto: Obra de Construção do Posto de Lavagem de VBC, no 20º RCB, em Campo Grande - MS. BLUE PARTS LICITAÇÕES LTDA - ME, CNPJ.: 16.403.724/0001-16: item 29 e 56. Total: R$ 509,00.;
16403724000116;16403724000116+tcu+conluio;https://www.jusbrasil.com.br/diarios/113210519/dou-secao-3-14-04-2016-pg-124?ref=serp;DOU 14/04/2016 - Pág. 124 - Seção 3 - Diário Oficial da União;de defesa prévia, sem manifestação das empresas, licitantes, BLUE PARTS LICITAÇÕES LTDA-EPP (CNPJ: 16.403.724/0001-16...(www.tcu.gov.br> aba cidadão> serviços e consultas> Emissão de GRU). fraudulentos na utilização dos recursos federais, por meio de licitação montada, simulada ou mediante conluio...;
10636507000190;10636507000190+tcu+lavagem;https://www.jusbrasil.com.br/diarios/56022625/dou-secao-3-27-06-2013-pg-24?ref=serp;DOU 27/06/2013 - Pág. 24 - Seção 3 - Diário Oficial da União;CONFORME ACORDÃO 1933/2009 PLENÁRIO TCU, na cidade de Garanhuns-PE. 10 REGIÃO MILITAR RESULTADO DE JULGAMENTO...Objeto: Obra de Construção do Posto de Lavagem de VBC, no 20º RCB, em Campo Grande - MS. PONTO COM - SOLUÇÕES EM TECNOLOGIA DA INFORMAÇÃO LTDA - ME, CNPJ.: 10.636.507/0001-90: item 30....;
06957510000138;06957510000138+tcu+lavagem;https://www.jusbrasil.com.br/diarios/32259036/dou-secao-3-14-11-2011-pg-92?ref=serp;DOU 14/11/2011 - Pág. 92 - Seção 3 - Diário Oficial da União;Objeto: Contratação de empresa para prestação de serviços de lavagem geral, polimento, pulverização e...CNPJ Contratado: 06957510000138. Contratado: CRIARTE INDUSTRIA E COMERCIO DE ESQUADRIAS LTDA....cabíveis, conforme determinação da Coordenadoria-Geral da União - CGU/PR e Tribunal de Contas da União - TCU...;
67718783000114;67718783000114+tcu+fraude;https://www.jusbrasil.com.br/diarios/74887884/dou-secao-3-14-08-2014-pg-28?ref=serp;DOU 14/08/2014 - Pág. 28 - Seção 3 - Diário Oficial da União;CNPJ Contratado: 67718783000114. Justificativa: Notória especialização (Decisão TCU 439/1998 Plenário) Declaração de Inexigibilidade em...Objeto: Participação nos cursos de Auditoria de Fraudes e Gestão de Riscos e AUDI 1 Nível Básico para...;
10942831000136;10942831000136+tcu+fraude;https://www.jusbrasil.com.br/diarios/23999195/pg-194-secao-3-diario-oficial-da-uniao-dou-de-24-12-2010?ref=serp;DOU 24/12/2010 - Pág. 194 - Seção 3 - Diário Oficial da União;Contratada: EDSON CAMILO COMERCIAL - ME; CNPJ: 10.942.831/0001-36. Regimento Interno, do expediente apresentado como Agravo pelo recorrente contra o Acórdão nº 152/2010-TCU...2007 e da Concorrência nº 61 /2007, a cargo do Município de Dourados/MS, ensejando a configuração de fraude...;
10942831000136;10942831000136+tcu+lavagem;https://www.jusbrasil.com.br/diarios/23999195/pg-194-secao-3-diario-oficial-da-uniao-dou-de-24-12-2010?ref=serp;DOU 24/12/2010 - Pág. 194 - Seção 3 - Diário Oficial da União;Objeto: Prorrogação do prazo de vigência do contrato de prestação de serviço de lavagem de veículos oficiais...Contratada: EDSON CAMILO COMERCIAL - ME; CNPJ: 10.942.831/0001-36. Regimento Interno, do expediente apresentado como Agravo pelo recorrente contra o Acórdão nº 152/2010-TCU...;
10942831000136;10942831000136+tcu+conluio;https://www.jusbrasil.com.br/diarios/23999195/pg-194-secao-3-diario-oficial-da-uniao-dou-de-24-12-2010?ref=serp;DOU 24/12/2010 - Pág. 194 - Seção 3 - Diário Oficial da União;Contratada: EDSON CAMILO COMERCIAL - ME; CNPJ: 10.942.831/0001-36. Regimento Interno, do expediente apresentado como Agravo pelo recorrente contra o Acórdão nº 152/2010-TCU...) dias, contados da data da publicação deste, apresentar razões de justificativa sobre a prática de conluio...;
92823764000103;92823764000103+tcu+conluio;https://www.jusbrasil.com.br/diarios/256842480/dosp-executivo-caderno-1-16-08-2019-pg-205?ref=serp;DOSP 16/08/2019 - Pág. 205 - Executivo - Caderno 1 - Diário Oficial do Estado de São Paulo;CONSERVAÇÃO E A PRODUÇÃO FLORESTAL DO ESTADO DE SÃO PAULO Contratado: DIRCEU LONGO & CIA LTDA CNPJ: 92.823.764/0001-03...De acordo com o entendimento do Tribunal de Contas da União – TCU, Acórdão 297/2009 – Plenário – “......Demais casos não há amparo legal na lei, mas já nas demais situações, segundo o TCU, deve despertar a...;
10278886000193;10278886000193+tcu+ilicito;https://www.jusbrasil.com.br/diarios/41158327/dou-secao-3-04-10-2012-pg-116?ref=serp;DOU 04/10/2012 - Pág. 116 - Seção 3 - Diário Oficial da União;realização do policiamento ostensivo, de proximidade, nas regiões de consumo de crack e outras drogas ilícitas...O Pregoeiro declara vencedoras do certame as empresas Damaso Comércio e Serviços Ltda - ME, CNPJ nº 10.278.886/0001-93...Inciso II c/c o Art. 13 , Inciso VI , ambos da Lei nº 8.666 de 21/06/1993, e Decisão nº 439/98-Plenário-TCU...;
10278886000193;10278886000193+tcu+lavagem;https://www.jusbrasil.com.br/diarios/56022625/dou-secao-3-27-06-2013-pg-24?ref=serp;DOU 27/06/2013 - Pág. 24 - Seção 3 - Diário Oficial da União;CONFORME ACORDÃO 1933/2009 PLENÁRIO TCU, na cidade de Garanhuns-PE. 10 REGIÃO MILITAR RESULTADO DE JULGAMENTO...Objeto: Obra de Construção do Posto de Lavagem de VBC, no 20º RCB, em Campo Grande - MS. DAMASO COMÉRCIO E SERVIÇOS LTDA - ME, CNPJ.: 10.278.886/0001-93: item 2. Total: R$ 936,00.;
01151850000153;01151850000153+tcu+fraude;https://tcu.jusbrasil.com.br/jurisprudencia/313536119/1523920128/inteiro-teor-313536193?ref=serp;TCU - Inteiro Teor. : 1523920128;Decisão: ), a palavra fraude possui os seguintes significados: Fraude 1. Semanticamente, tem-se o seguinte significado de fraude (Dicionário Aurélio; https://contas.tcu.gov.br...(Ludwig), CNPJ 01.151.850/0001-53; c) itens 95 e 115 (peça 445, p. 18 e 21, respectivamente): Tedia....;08/04/2015
01151850000153;01151850000153+tcu+ilicito;https://tcu.jusbrasil.com.br/jurisprudencia/313536119/1523920128/inteiro-teor-313536193?ref=serp;TCU - Inteiro Teor. : 1523920128;Decisão: A omissão de punição ao ilícito é tão antijurídica quanto a prática do próprio ilícito....Argumento 2 – Não teria havido ilícito 815. (Ludwig), CNPJ 01.151.850/0001-53; c) itens 95 e 115 (peça 445, p. 18 e 21, respectivamente): Tedia....;08/04/2015
01151850000153;01151850000153+tcu+conluio;https://tcu.jusbrasil.com.br/jurisprudencia/313536119/1523920128/inteiro-teor-313536193?ref=serp;TCU - Inteiro Teor. : 1523920128;Decisão: As situações que configuram esses achados constituem-se em alto risco de fraudes e conluios, os quais...; e) notícias recentes veiculadas na mídia denunciando supostos esquemas de corrupção e de conluio entre...(Ludwig), CNPJ 01.151.850/0001-53; c) itens 95 e 115 (peça 445, p. 18 e 21, respectivamente): Tedia....;08/04/2015
01151850000153;01151850000153+tcu+crime;https://tcu.jusbrasil.com.br/jurisprudencia/313536119/1523920128/inteiro-teor-313536193?ref=serp;TCU - Inteiro Teor. : 1523920128;Decisão: : Seção III Dos Crimes e das Penas Art. 90. ou de crimes já tipificados (peça 34, idem). 4.8.3. (Ludwig), CNPJ 01.151.850/0001-53; c) itens 95 e 115 (peça 445, p. 18 e 21, respectivamente): Tedia....;08/04/2015
07245458000150;07245458000150+tcu+lavagem;https://www.jusbrasil.com.br/diarios/56022625/dou-secao-3-27-06-2013-pg-24?ref=serp;DOU 27/06/2013 - Pág. 24 - Seção 3 - Diário Oficial da União;CONFORME ACORDÃO 1933/2009 PLENÁRIO TCU, na cidade de Garanhuns-PE. 10 REGIÃO MILITAR RESULTADO DE JULGAMENTO...Objeto: Obra de Construção do Posto de Lavagem de VBC, no 20º RCB, em Campo Grande - MS. DAGEAL -COMÉRCIO DE MATERIAL DE ESCRITÓRIO LTDA - ME, CNPJ.: 07.245.458/0001-50: itens 53 e 62....;
20483193000196;20483193000196+tcu+ilicito;https://www.jusbrasil.com.br/diarios/262291984/djba-caderno1-18-09-2019-pg-30?ref=serp;DJBA 18/09/2019 - Pág. 30 - Caderno 1 - Administrativo - Diário de Justiça do Estado da Bahia;Administrativo Sancionatório, sob o nº 2019/34324 em desfavor da empresa, BRASIDAS EIRELI, CNPJ nº 20.483.193/0001-96...TRANSFERÊNCIA DE USO DE BEM PÚBLICO Nº 46/19-TCU Partes: O ESTADO DA BAHIA, por intermédio do TRIBUNAL...CESSÃO DE USO DE BENS PÚBLICOS Nº 49/19-TCU Partes: O ESTADO DA BAHIA, por intermédio do TRIBUNAL DE...;
08573956000194;08573956000194+tcu+ilicito;https://trt-21.jusbrasil.com.br/jurisprudencia/670812854/rtord-3398920185210010/inteiro-teor-670812882?ref=serp;TRT-21 - Inteiro Teor. : RTOrd 3398920185210010;Decisão: DE SOUZA, GEORGE ARTHUR FERNANDES SILVEIRA REU: VR CONSULTORIA & SERVICOS GERAIS EIRELI - EPP, CNPJ: 08.573.956/0001-94...apurado, sob pena de violar a efetividade e a eficácia do título judicial e favorecer o enriquecimento ilícito...proporcionalidade, da necessária eficácia e efetividade do título judicial e da vedação ao enriquecimento ilícito...;01/02/2019
08573956000194;08573956000194+tcu+ilicito;https://trt-21.jusbrasil.com.br/jurisprudencia/643656934/rtord-3148820185210006/inteiro-teor-643659015?ref=serp;TRT-21 - Inteiro Teor. : RTOrd 3148820185210006;Decisão: MACEDO DE ARAUJO, HILIANE SOARES DE SOUZA REU: VR CONSULTORIA & SERVICOS GERAIS EIRELI - EPP, CNPJ: 08.573.956/0001-94...Foi determinado que a União comprovasse nos autos o depósito dos valores que foram retidos pelo TCU,...A fim de evitar a duplicidade de pagamentos e consequente locupletação ilícita da obreira, deverá ser...;29/10/2018
08691984000106;08691984000106+tcu+fraude;https://www.jusbrasil.com.br/diarios/176489537/dou-secao-1-05-02-2018-pg-98?ref=serp;DOU 05/02/2018 - Pág. 98 - Seção 1 - Diário Oficial da União;Monitoramento de determinações e de recomendações contidas no Acórdão 604/2017, proferido pelo Plenário do TCU...para que considerem os riscos relevantes e assegurem o cumprimento dos resultados esperados, coibindo fraudes...Processo nº 00200.028222/2017-97, aplica à empresa BRA TECNOLOGIA LTDA-ME, inscrita no CNPJ sob o nº 08.691.984/0001-06...;
03655629000168;03655629000168+tcu+fraude;https://tcu.jusbrasil.com.br/jurisprudencia/316453727/1569220060/inteiro-teor-316453835?ref=serp;TCU - Inteiro Teor. : 1569220060;Decisão: Normalmente, esse procedimento decorre de erro operacional ou até mesmo de fraude. /0001-68 902119 2006OB900246 CD-ROM LG 52x 1 58,88 58,88 2909, de 10/01/2006 03.655.629/0001-68 902119...2006OB900246 Mouse Clone OS/2 4 7,87 31,48 2909, de 10/01/2006 03.655.629/0001-68 902119 2006OB900246...;29/11/2011
03655629000168;03655629000168+tcu+ilicito;https://tcu.jusbrasil.com.br/jurisprudencia/316453727/1569220060/inteiro-teor-316453835?ref=serp;TCU - Inteiro Teor. : 1569220060;Decisão: informal de servidores, situação essa que, dada a incompatibilidade de horários, acarreta a acumulação ilícita...Neste desiderato, impõe-se a esta Comissão – por unanimidade – reconhecer o ato ilícito – negligência.../0001-68 902119 2006OB900246 CD-ROM LG 52x 1 58,88 58,88 2909, de 10/01/2006 03.655.629/0001-68 902119...;29/11/2011
03655629000168;03655629000168+tcu+cartel;https://www.jusbrasil.com.br/diarios/147109949/dou-secao-3-19-05-2017-pg-85?ref=serp;DOU 19/05/2017 - Pág. 85 - Seção 3 - Diário Oficial da União;ensejará o encaminhamento do processo de TCE, para instância superior para posterior julgamento, pelo o TCU...0001-68, nos itens 89, 92, 145, no valor de R$ 2.458, 40;Ata 63/2017-S&K INFORMÁTICA LTDA-ME , CNPJ : 03.655.629/0001-68...84, 88, 107, 138, 158, 162, 163, 164, 165, 166, 170, 196, no valor de R$ 57.472, 00 Ata nº 87/2017-CARTEL...;
11464383000175;11464383000175+tcu+fraude;https://www.jusbrasil.com.br/diarios/53391280/dou-secao-1-22-04-2013-pg-75?ref=serp;DOU 22/04/2013 - Pág. 75 - Seção 1 - Diário Oficial da União;Representação oferecida pela Secretaria Adjunta de Planejamento e Procedimentos (Adplan), acerca de possível fraude...EPP (11.464.383/0001-75) 1.2. Unidade: Universidade Federal de Goiás - MEC 1.3. -EPP (CNPJ 11.464.383/0001-75), em resposta à oitiva realizada por esta Corte por meio do Ofício 971/...;
11464383000175;11464383000175+tcu+lavagem;https://www.jusbrasil.com.br/diarios/66355545/dou-secao-3-18-02-2014-pg-21?ref=serp;DOU 18/02/2014 - Pág. 21 - Seção 3 - Diário Oficial da União;0001-73, Item ganho: 4 - valor total: R$ 3.600,00; e GOLD COMÉRCIO DE EQUIPAMENTOS LTDA - EPP - CNPJ: 11.464.383/0001-75...Justificativa: Para atender o que dispõe na Lei nº 6.650 /79, Dec. nº 3.296 /99 e Decisão TCU nº 538-...de registro de preço (SRP), de empresa (s) especializada (s) para prestação dos serviços técnicos de lavagem...;
11464383000175;11464383000175+tcu+crime;https://www.jusbrasil.com.br/diarios/125528446/dou-edicao-extra-secao-3-15-09-2016-pg-122?ref=serp;DOU 15/09/2016 - Pág. 122 - Edição extra - Seção 3 - Diário Oficial da União;91.2016.6.25.8000, art. 25 , II , c/c 13 , VI da Lei 8.666 /93 e Decisao 439/1998 TCU - Plenario....3.976,00 (três mil, novecentos e setenta e seis reais); 4) GOLD COMERCIO DE EQUIPAMENTOS LTDA - EPP (CNPJ: 11.464.383/0001-75...razão de 1/30 (um trinta avos) do salário mínimo vigente ao tempo dos fatos, em razão da prática do crime...;
24845457000165;24845457000165+tcu+lavagem;https://www.jusbrasil.com.br/diarios/253161576/dou-secao-3-25-07-2019-pg-141?ref=serp;DOU 25/07/2019 - Pág. 141 - Seção 3 - Diário Oficial da União;DO QUITUNDE AVISO DE LICITAÇÃO PREGÃO PRESENCIAL Nº 9/2019 2ª Chamada Em consonância com julgados do TCU...especificações e quantidades descritas no Anexo I do edital; Empresa Detentora: ITACA EIRELI-ME; CNPJ 24.845.457/0001-65...PREVENTIVA E CORRETIVA, MECÂNICA E ELETRICA EM VEÍCULOS AUTOMOTORES, LANTERNAGEM EM GERAL, FUNILARIA, LAVAGEM...;
20795155000179;20795155000179+tcu+conluio;https://www.jusbrasil.com.br/diarios/241378330/dou-secao-1-14-05-2019-pg-37?ref=serp;DOU 14/05/2019 - Pág. 37 - Seção 1 - Diário Oficial da União;e ardilosa, frustrando, direcionando e fraudando certames licitatórios direcionados na PETROBRAS em conluio...resolve: Art. 1º Aplicar à pessoa jurídica Infantaria Comercial Eireli - ME, inscrita no CNPJ sob o nº 20.795.155/0001-79...ACÓRDÃO Nº 2976/2019 - TCU - 2ª Câmara Os Ministros do Tribunal de Contas da União, quanto ao processo...;
08676370000155;08676370000155+tcu+lavagem;https://www.jusbrasil.com.br/diarios/59935338/dou-secao-3-04-10-2013-pg-33?ref=serp;DOU 04/10/2013 - Pág. 33 - Seção 3 - Diário Oficial da União;CONFORME ACORDÃO 1933/2009 PLENÁRIO TCU, na cidade de Garanhuns-PE. 10ª REGIÃO MILITAR AVISO DE LICITAÇÃO...00: itens 47 e 245, valor total R$ 577.247,00; DISTRIBUIDORA DE MEDICAMENTOS PRO SAÚDE LTDA ME, CNPJ 08.676.370/0001-55...Objeto: Obra de construção do Posto de Abastecimento Lavagem e Lubrificação 17¨ R C Mec, em Amambai/MS...;
44734671000151;44734671000151+tcu+fraude;https://www.jusbrasil.com.br/diarios/199247972/dosp-executivo-caderno-1-14-07-2018-pg-40?ref=serp;DOSP 14/07/2018 - Pág. 40 - Executivo - Caderno 1 - Diário Oficial do Estado de São Paulo;Empenho - 2018NE06510 por parte da Licitante: Cristalia Produtos Quimicos e Farmaceuticos Ltda, CNPJ: 44.734.671/0001-51..., conforme adiante se colige: “Nessa perspectiva, o agente administrativo, constatando a prática de fraude...e participação no pregão e, conforme Acórdão 1280/2007 – Plenário, do Tribunal de Contas da União - TCU...;
44734671000151;44734671000151+tcu+fraude;https://www.jusbrasil.com.br/diarios/200039856/dosp-executivo-caderno-1-20-07-2018-pg-29?ref=serp;DOSP 20/07/2018 - Pág. 29 - Executivo - Caderno 1 - Diário Oficial do Estado de São Paulo;Empenho 2018NE07086 por parte da Licitante: Cristalia Produtos Quimicos e Farmaceuticos Ltda, CNPJ: 44.734.671/0001-51..., conforme adiante se colige: “Nessa perspectiva, o agente administrativo, constatando a prática de fraude...entrega de mercadorias, descumprindo as cláusulas acordadas. [...]” - (item 1.5, TC011.795/20060, Acórdão TCU...;
44734671000151;44734671000151+tcu+ilicito;https://www.jusbrasil.com.br/diarios/199247972/dosp-executivo-caderno-1-14-07-2018-pg-40?ref=serp;DOSP 14/07/2018 - Pág. 40 - Executivo - Caderno 1 - Diário Oficial do Estado de São Paulo;Empenho - 2018NE06510 por parte da Licitante: Cristalia Produtos Quimicos e Farmaceuticos Ltda, CNPJ: 44.734.671/0001-51...e participação no pregão e, conforme Acórdão 1280/2007 – Plenário, do Tribunal de Contas da União - TCU...(Acórdão 2837/2010, Plenário do Tribunal de Contas da União-TCU); A empresa não comprovou documentalmente...;
44734671000151;44734671000151+tcu+ilicito;https://www.jusbrasil.com.br/diarios/68523599/dou-secao-3-03-04-2014-pg-71?ref=serp;DOU 03/04/2014 - Pág. 71 - Seção 3 - Diário Oficial da União;Não receber proventos de aposentadoria que caracterizem acumulação ilícita de cargos, na forma do art...(R$ 27,00) - Valor Total: R$ 450.600,00; CRISTÁLIA PRODUTOS QUÍMICOS FARMACÊUTICOS LTDA- CNPJ n .: 44.734.671/0001-51...Fundamento Legal: § 8º do Art. 65 , da Lei 8666 /93, c/c Acórdão n 976 /2005-TCU.;
44734671000151;44734671000151+tcu+ilicito;https://www.jusbrasil.com.br/diarios/73914401/dosp-cidade-02-08-2014-pg-93?ref=serp;DOSP 02/08/2014 - Pág. 93 - Cidade - Diário Oficial do Estado de São Paulo;ORGÃO GESTOR: SECRETARIA MUNICIPAL DA SAÚDE DETENTORA: CRISTÁLIA PRODUTOS QUÍMICOS FARMACS LTDA CNPJ: 44.734.671/0001-51...o obreiro e o tomador de serviços, bem assim de pessoalidade e habitualidade, a terceirização será ilícita...Quanto às alegações da empresa BRASIL DEZ LOCADORA DE VEÍCULOS LTDA que é ilícita a vedação da participação...;
44734671000151;44734671000151+tcu+ilicito;https://www.jusbrasil.com.br/diarios/200039856/dosp-executivo-caderno-1-20-07-2018-pg-29?ref=serp;DOSP 20/07/2018 - Pág. 29 - Executivo - Caderno 1 - Diário Oficial do Estado de São Paulo;Empenho 2018NE07086 por parte da Licitante: Cristalia Produtos Quimicos e Farmaceuticos Ltda, CNPJ: 44.734.671/0001-51...E, se ele não o fizer, estará cometendo ato ilícito administrativo, em razão pela qual pode vir a sofrer...entrega de mercadorias, descumprindo as cláusulas acordadas. [...]” - (item 1.5, TC011.795/20060, Acórdão TCU...;
44734671000151;44734671000151+tcu+ilicito;https://www.jusbrasil.com.br/diarios/224909409/dom-sp-normal-23-01-2019-pg-50?ref=serp;DOM-SP 23/01/2019 - Pág. 50 - Normal - Diário Oficial do Município de São Paulo;Entende, a impugnante, que é ilícita a previsão do prazo de 12 meses, dado que o §5º do art. 30 da Lei...Assim, para o TCU, tal regra só se aplica à capacitação técnico--profissional: “À luz do disposto no...GESTOR: SECRETARIA MUNICIPAL DA SAÚDE DETENTORA: CRISTÁLIA PRODUTOS QUÍMICOS FARMACÊUTICOS LTDA CNPJ: 44.734.671/0001-51...;
44734671000151;44734671000151+tcu+ilicito;https://www.jusbrasil.com.br/diarios/224909884/dosp-cidade-23-01-2019-pg-50?ref=serp;DOSP 23/01/2019 - Pág. 50 - Cidade - Diário Oficial do Estado de São Paulo;Entende, a impugnante, que é ilícita a previsão do prazo de 12 meses, dado que o §5º do art. 30 da Lei...Assim, para o TCU, tal regra só se aplica à capacitação técnico--profissional: “À luz do disposto no...GESTOR: SECRETARIA MUNICIPAL DA SAÚDE DETENTORA: CRISTÁLIA PRODUTOS QUÍMICOS FARMACÊUTICOS LTDA CNPJ: 44.734.671/0001-51...;
44734671000151;44734671000151+tcu+lavagem;https://www.jusbrasil.com.br/diarios/199247972/dosp-executivo-caderno-1-14-07-2018-pg-40?ref=serp;DOSP 14/07/2018 - Pág. 40 - Executivo - Caderno 1 - Diário Oficial do Estado de São Paulo;apuração preliminar, objetivando averiguar vandalismo com câmera de vigilância do Setor de Transportes, lavagem...Empenho - 2018NE06510 por parte da Licitante: Cristalia Produtos Quimicos e Farmaceuticos Ltda, CNPJ: 44.734.671/0001-51...e participação no pregão e, conforme Acórdão 1280/2007 – Plenário, do Tribunal de Contas da União - TCU...;
44734671000151;44734671000151+tcu+lavagem;https://www.jusbrasil.com.br/diarios/59935338/dou-secao-3-04-10-2013-pg-33?ref=serp;DOU 04/10/2013 - Pág. 33 - Seção 3 - Diário Oficial da União;CONFORME ACORDÃO 1933/2009 PLENÁRIO TCU, na cidade de Garanhuns-PE. 10ª REGIÃO MILITAR AVISO DE LICITAÇÃO...QUÍMICOS FARMACÊUTICOS LTDA, CNPJ 44.734.671/0001-51: itens 19, 29, 55, 68, 69, 72, 96, 107, 112, 114...Objeto: Obra de construção do Posto de Abastecimento Lavagem e Lubrificação 17¨ R C Mec, em Amambai/MS...;
44734671000151;44734671000151+tcu+crime;https://www.jusbrasil.com.br/diarios/199247972/dosp-executivo-caderno-1-14-07-2018-pg-40?ref=serp;DOSP 14/07/2018 - Pág. 40 - Executivo - Caderno 1 - Diário Oficial do Estado de São Paulo;Empenho - 2018NE06510 por parte da Licitante: Cristalia Produtos Quimicos e Farmaceuticos Ltda, CNPJ: 44.734.671/0001-51...administrativo, em razão pela qual pode vir a sofrer processo disciplinar, bem como responder processo por crime...e participação no pregão e, conforme Acórdão 1280/2007 – Plenário, do Tribunal de Contas da União - TCU...;
44734671000151;44734671000151+tcu+crime;https://www.jusbrasil.com.br/diarios/267440480/dosp-executivo-caderno-1-18-10-2019-pg-199?ref=serp;DOSP 18/10/2019 - Pág. 199 - Executivo - Caderno 1 - Diário Oficial do Estado de São Paulo;. - Ressalta-se ainda, que a própria Lei nº 8.666 /93, em seu art. 97 , classifica como crime admitir..., desde que esta condição esteja devidamente autorizada pela ANATEL”. - Segundo a jurisprudência do TCU...22.635.177/0001-05, item 15 no valor de R$ 734,40 -CRISTALIA PRODUTOS QUÍMICOS FARMACÊUTICOS LTDA – CNPJ: 44.734.671/0001-51...;
44734671000151;44734671000151+tcu+crime;https://www.jusbrasil.com.br/diarios/200039856/dosp-executivo-caderno-1-20-07-2018-pg-29?ref=serp;DOSP 20/07/2018 - Pág. 29 - Executivo - Caderno 1 - Diário Oficial do Estado de São Paulo;Empenho 2018NE07086 por parte da Licitante: Cristalia Produtos Quimicos e Farmaceuticos Ltda, CNPJ: 44.734.671/0001-51...administrativo, em razão pela qual pode vir a sofrer processo disciplinar, bem como responder processo por crime...entrega de mercadorias, descumprindo as cláusulas acordadas. [...]” - (item 1.5, TC011.795/20060, Acórdão TCU...;
07768887000101;07768887000101+tcu+lavagem;https://www.jusbrasil.com.br/diarios/59935338/dou-secao-3-04-10-2013-pg-33?ref=serp;DOU 04/10/2013 - Pág. 33 - Seção 3 - Diário Oficial da União;CONFORME ACORDÃO 1933/2009 PLENÁRIO TCU, na cidade de Garanhuns-PE. 10ª REGIÃO MILITAR AVISO DE LICITAÇÃO...DE PRODUTOS FARMACÊUTICOS E HOSPITALARES LTDA, CNPJ 07.768.887/0001-01: itens 2, 16, 17, 25, 37, 53,...Objeto: Obra de construção do Posto de Abastecimento Lavagem e Lubrificação 17¨ R C Mec, em Amambai/MS...;
23312871000146;23312871000146+tcu+lavagem;https://www.jusbrasil.com.br/diarios/145944081/dou-secao-3-10-05-2017-pg-12?ref=serp;DOU 10/05/2017 - Pág. 12 - Seção 3 - Diário Oficial da União;Aeronáutica (FUNSA), conforme condições vigentes no art. 25 da lei 8.666 /93 e decisão n.º 656/1995 Plenário TCU...Itens Ganhos: 136, 240; Exemplarmed Comercio de Produtos Hospitalares Ltda - Epp -23.312.871/0001-46....Objeto: Pregão Eletrônico - Serviço de lavagem e higienização de roupas, pesagem, apanha e entrega....;
13777884000137;13777884000137+tcu+lavagem;https://www.jusbrasil.com.br/diarios/56022625/dou-secao-3-27-06-2013-pg-24?ref=serp;DOU 27/06/2013 - Pág. 24 - Seção 3 - Diário Oficial da União;CONFORME ACORDÃO 1933/2009 PLENÁRIO TCU, na cidade de Garanhuns-PE. 10 REGIÃO MILITAR RESULTADO DE JULGAMENTO...0001-50, itens 12,19,20,21 e 58, valor r$ 1.342,00;ziul comercio de suprimento de informatica, cnpj 13.777.884/0001-37...Objeto: Obra de Construção do Posto de Lavagem de VBC, no 20º RCB, em Campo Grande - MS.;
13734839000103;13734839000103+tcu+lavagem;https://tcu.jusbrasil.com.br/jurisprudencia/478453009/relatorio-de-acompanhamento-racom-1768020166/relatorio-478453069?ref=serp;TCU - Relatório. RELATÓRIO DE ACOMPANHAMENTO (RACOM): 1768020166;Decisão: 10.478.925/0001­04 33,00 02.577.214/0002­31 33,33 02.577.214/0002­31 33,33 08.692.456/0001­71 34,00 13.734.839/0001­03.../0001­03 39,00 13.734.839/0001­03 39,00 10.210.196/0001­00 40,00 10.210.196/0001­00 40,00 11.822.403/...MOLECULAR CLORO 74,50, DENSIDADE DE 1,20 A 1 G/L, COR AMARELA ESVERDEADA BASTANTE FRACA, APLICAÇÃO LAVAGEM...;28/06/2017
22065938000122;22065938000122+tcu+fraude;https://www.jusbrasil.com.br/diarios/150124535/dou-secao-3-14-06-2017-pg-29?ref=serp;DOU 14/06/2017 - Pág. 29 - Seção 3 - Diário Oficial da União;DESENVOLVIMENTO PROFISSIONAL E GERENCIAL LTDA de CNPJ: 09.400.325/0001-36; CCK COMERICAL EIRELI de CNPJ: 22.065.938/0001-22...Objeto: Curso, in company, de Auditoria de fraudes e canal de denúncia. Justificativa: Notória especialização (Decisão TCU 439/1998 Plenário).;
20784313000195;20784313000195+tcu+fraude;https://www.jusbrasil.com.br/diarios/150124535/dou-secao-3-14-06-2017-pg-29?ref=serp;DOU 14/06/2017 - Pág. 29 - Seção 3 - Diário Oficial da União;ACABAMENTOS EIRELI-ME de CNPJ: 26 623.799/0001-66; RM COMÉRCIO DE MERCADORIAS E ATERIAIS LTDA ME de CNPJ: 20.784.313/0001-95...Objeto: Curso, in company, de Auditoria de fraudes e canal de denúncia. Justificativa: Notória especialização (Decisão TCU 439/1998 Plenário).;
29136844000146;29136844000146+tcu+ilicito;https://tcu.jusbrasil.com.br/jurisprudencia/697909011/representacao-repr-rp-2354720189/relatorio-697909255?ref=serp;TCU - Relatório. REPRESENTAÇÃO (REPR): RP 2354720189;Decisão: Segundo jurisprudência deste TCU, é ilícita a exigência de número mínimo de atestados de capacidade técnica...Indústria e Comércio de Pastas Ltda., CNPJ 78.459.443/0001-32; e Máximo Indústria e Comércio Eireli, CNPJ 29.136.844/0001-46...Indústria e Comércio de Pastas Ltda., CNPJ 78.459.443/0001-32 e Máximo Indústria e Comércio Eireli, CNPJ 29.136.844/0001-46...;10/04/2019
29136844000146;29136844000146+tcu+ilicito;https://tcu.jusbrasil.com.br/jurisprudencia/697909011/representacao-repr-rp-2354720189/inteiro-teor-697909182?ref=serp;TCU - Inteiro Teor. REPRESENTAÇÃO (REPR): RP 2354720189;Decisão: Segundo jurisprudência deste TCU, é ilícita a exigência de número mínimo de atestados de capacidade técnica...Indústria e Comércio de Pastas Ltda., CNPJ 78.459.443/0001-32; e Máximo Indústria e Comércio Eireli, CNPJ 29.136.844/0001-46...Indústria e Comércio de Pastas Ltda., CNPJ 78.459.443/0001-32 e Máximo Indústria e Comércio Eireli, CNPJ 29.136.844/0001-46...;10/04/2019
21746218000160;21746218000160+tcu+lavagem;https://www.jusbrasil.com.br/diarios/247122562/dom-sp-normal-14-06-2019-pg-45?ref=serp;DOM-SP 14/06/2019 - Pág. 45 - Normal - Diário Oficial do Município de São Paulo;da proposta mais vantajosa, a Administração pode afastar o princípio da legalidade estrita (Acórdão TCU...trezentos e trinta e seis reais) à empresa KAY SERVIÇOS E CONSERVAÇÃO EIRELI, inscrita no CNPJ sob nº 21.746.218/0001-60...fornecimento e administração de cartões magnéticos ou eletrônicos para aquisição de combustível e serviços de lavagem...;
21746218000160;21746218000160+tcu+lavagem;https://www.jusbrasil.com.br/diarios/247123380/dosp-cidade-14-06-2019-pg-45?ref=serp;DOSP 14/06/2019 - Pág. 45 - Cidade - Diário Oficial do Estado de São Paulo;da proposta mais vantajosa, a Administração pode afastar o princípio da legalidade estrita (Acórdão TCU...trezentos e trinta e seis reais) à empresa KAY SERVIÇOS E CONSERVAÇÃO EIRELI, inscrita no CNPJ sob nº 21.746.218/0001-60...fornecimento e administração de cartões magnéticos ou eletrônicos para aquisição de combustível e serviços de lavagem...;
11163447000106;11163447000106+tcu+lavagem;https://www.jusbrasil.com.br/diarios/221018994/dou-secao-3-07-12-2018-pg-60?ref=serp;DOU 07/12/2018 - Pág. 60 - Seção 3 - Diário Oficial da União;Informativo de créditos não quitados do setor público federal - Cadin, nos termos da Instrução Normativa TCU...N° 0746/18 - Prestação de Serviços de Gerenciamento do Abastecimento de Combustíveis, Lavagem e Lubrificação...TECA TECNOLOGIA E COMERCIO LTDA (CNPJ: 11.163.447/0001-06), Item 02, valor unitário R$ 574,50; Item 09...;
15153524000190;15153524000190+tcu+conluio;https://www.jusbrasil.com.br/diarios/153411912/dou-secao-3-14-07-2017-pg-70?ref=serp;DOU 14/07/2017 - Pág. 70 - Se